<?xml version = '1.0' encoding = 'UTF-8'?>
<Diagram class="oracle.dbtools.crest.swingui.logical.DPVLogical" name="Logical" id="DB7AB30F-C34B-E98F-CDB1-0C8B2C564A39">
<createdBy>Jennifer</createdBy>
<modifiedBy>Jennifer</modifiedBy>
<createdTime>2025-08-16 20:41:23 UTC</createdTime>
<autoRoute>false</autoRoute>
<boxInbox>true</boxInbox>
<showLegend>false</showLegend>
<showLabels>false</showLabels>
<showRelAttributes>true</showRelAttributes>
<gridEnabled>true</gridEnabled>
<showGrid>false</showGrid>
<diagramColor>-1</diagramColor>
<display>false</display>
<notation>1</notation>
<objectViews>
<OView class="oracle.dbtools.crest.swingui.logical.TVEntity" oid="17C934B0-7F76-2666-80D5-70DB5055CAFB" otype="Entity" vid="58ACBE9C-AA7E-B3A8-E8C8-A97C757AC8E2">
<hideElementsInCurrentOnly>false</hideElementsInCurrentOnly>
<bounds x="360" y="550" width="181" height="101"/>
</OView>
<OView class="oracle.dbtools.crest.swingui.logical.TVEntity" oid="22A7D20F-CC35-D426-411A-B8780FD31F6B" otype="Entity" vid="FDAB00D1-34F7-6F3E-BBD8-CB4DD808270C">
<hideElementsInCurrentOnly>false</hideElementsInCurrentOnly>
<bounds x="730" y="20" width="201" height="131"/>
</OView>
<OView class="oracle.dbtools.crest.swingui.logical.TVEntity" oid="2BFF7C81-A3B6-A139-897A-551AE2BFE9DF" otype="Entity" vid="C52A8DFC-66FB-E3A9-0B37-0BC13DBA7410">
<hideElementsInCurrentOnly>false</hideElementsInCurrentOnly>
<bounds x="20" y="20" width="221" height="131"/>
</OView>
<OView class="oracle.dbtools.crest.swingui.logical.TVEntity" oid="34DC4E91-F28F-E9FF-F5C9-08D048CD9E23" otype="Entity" vid="98DBBAF9-0C7B-697C-EEC8-0C6E181D9EB3">
<hideElementsInCurrentOnly>false</hideElementsInCurrentOnly>
<bounds x="700" y="240" width="231" height="191"/>
</OView>
<OView class="oracle.dbtools.crest.swingui.logical.TVEntity" oid="685DD5E8-63AA-2600-C619-DF79DD9BD1BA" otype="Entity" vid="46EA036F-C8B6-9F33-39E7-D9ADCF730689">
<hideElementsInCurrentOnly>false</hideElementsInCurrentOnly>
<bounds x="410" y="20" width="231" height="131"/>
</OView>
<OView class="oracle.dbtools.crest.swingui.logical.TVEntity" oid="ADAB48F8-8FDC-0897-1487-F74437DC70E6" otype="Entity" vid="F49B9AB9-B250-0418-8624-A91DE69D0AE8">
<hideElementsInCurrentOnly>false</hideElementsInCurrentOnly>
<bounds x="380" y="280" width="201" height="101"/>
</OView>
<OView class="oracle.dbtools.crest.swingui.logical.TVEntity" oid="CF7E70F0-CCCB-F5F6-A235-F2A11496B6DB" otype="Entity" vid="5C56D811-CA9E-FE50-FC3E-9D1E89616596">
<hideElementsInCurrentOnly>false</hideElementsInCurrentOnly>
<bounds x="700" y="550" width="201" height="110"/>
</OView>
<OView class="oracle.dbtools.crest.swingui.logical.TVEntity" oid="DE3FF82E-D956-2471-6FB7-BA1CC8470C2E" otype="Entity" vid="FDEC6876-F4FC-9D78-61FA-58E4BC6B659B">
<hideElementsInCurrentOnly>false</hideElementsInCurrentOnly>
<bounds x="20" y="250" width="221" height="161"/>
</OView>
<OView class="oracle.dbtools.crest.swingui.logical.TVEntity" oid="E824DAAB-9F2E-7CE1-AA6A-129DC7A3AA18" otype="Entity" vid="1D68D9DA-D95F-8653-B541-5B0A8EE73CEA">
<hideElementsInCurrentOnly>false</hideElementsInCurrentOnly>
<bounds x="20" y="510" width="221" height="111"/>
</OView>
</objectViews>
<connectors>
<Connector class="oracle.dbtools.crest.swingui.logical.TVRelation" oid="31CAF5A1-A8ED-230B-619F-AF8EB8A0DF32" otype="Relation" vid_source="98DBBAF9-0C7B-697C-EEC8-0C6E181D9EB3" vid_target="5C56D811-CA9E-FE50-FC3E-9D1E89616596">
<hideElementsInCurrentOnly>false</hideElementsInCurrentOnly>
<backgroundColor>-16777216</backgroundColor>
<lineWidth>1</lineWidth>
<points>
<point x="800" y="431"/>
<point x="800" y="550"/>
</points>
</Connector>
<Connector class="oracle.dbtools.crest.swingui.logical.TVRelation" oid="7747A7C7-7A85-E683-F321-E4E8726E2B04" otype="Relation" vid_source="FDEC6876-F4FC-9D78-61FA-58E4BC6B659B" vid_target="C52A8DFC-66FB-E3A9-0B37-0BC13DBA7410">
<hideElementsInCurrentOnly>false</hideElementsInCurrentOnly>
<backgroundColor>-16777216</backgroundColor>
<lineWidth>1</lineWidth>
<points>
<point x="130" y="250"/>
<point x="130" y="151"/>
</points>
</Connector>
<Connector class="oracle.dbtools.crest.swingui.logical.TVRelation" oid="8A74F197-4ACB-0266-E102-037B68AAFF1E" otype="Relation" vid_source="FDEC6876-F4FC-9D78-61FA-58E4BC6B659B" vid_target="58ACBE9C-AA7E-B3A8-E8C8-A97C757AC8E2">
<hideElementsInCurrentOnly>false</hideElementsInCurrentOnly>
<backgroundColor>-16777216</backgroundColor>
<lineWidth>1</lineWidth>
<points>
<point x="225" y="411"/>
<point x="390" y="550"/>
</points>
</Connector>
<Connector class="oracle.dbtools.crest.swingui.logical.TVRelation" oid="8DD42D86-21CB-7BF8-9382-5E54B8EAC91D" otype="Relation" vid_source="1D68D9DA-D95F-8653-B541-5B0A8EE73CEA" vid_target="FDEC6876-F4FC-9D78-61FA-58E4BC6B659B">
<hideElementsInCurrentOnly>false</hideElementsInCurrentOnly>
<backgroundColor>-16777216</backgroundColor>
<lineWidth>1</lineWidth>
<points>
<point x="130" y="510"/>
<point x="130" y="411"/>
</points>
</Connector>
<Connector class="oracle.dbtools.crest.swingui.logical.TVRelation" oid="9B9951B9-6D91-BD91-E8B4-C39CABF633DC" otype="Relation" vid_source="46EA036F-C8B6-9F33-39E7-D9ADCF730689" vid_target="FDAB00D1-34F7-6F3E-BBD8-CB4DD808270C">
<hideElementsInCurrentOnly>false</hideElementsInCurrentOnly>
<backgroundColor>-16777216</backgroundColor>
<lineWidth>1</lineWidth>
<points>
<point x="641" y="85"/>
<point x="730" y="85"/>
</points>
</Connector>
<Connector class="oracle.dbtools.crest.swingui.logical.TVRelation" oid="C741A105-1E2E-6446-F2C4-E75106950DD8" otype="Relation" vid_source="F49B9AB9-B250-0418-8624-A91DE69D0AE8" vid_target="C52A8DFC-66FB-E3A9-0B37-0BC13DBA7410">
<hideElementsInCurrentOnly>false</hideElementsInCurrentOnly>
<backgroundColor>-16777216</backgroundColor>
<lineWidth>1</lineWidth>
<points>
<point x="408" y="280"/>
<point x="224" y="151"/>
</points>
</Connector>
<Connector class="oracle.dbtools.crest.swingui.logical.TVRelation" oid="CCDA37AE-2CA3-FF8B-3A1A-B8034AF6567A" otype="Relation" vid_source="46EA036F-C8B6-9F33-39E7-D9ADCF730689" vid_target="C52A8DFC-66FB-E3A9-0B37-0BC13DBA7410">
<hideElementsInCurrentOnly>false</hideElementsInCurrentOnly>
<backgroundColor>-16777216</backgroundColor>
<lineWidth>1</lineWidth>
<points>
<point x="410" y="85"/>
<point x="241" y="85"/>
</points>
</Connector>
<Connector class="oracle.dbtools.crest.swingui.logical.TVRelation" oid="CD85EDBF-4014-323B-D881-F82065C88E53" otype="Relation" vid_source="F49B9AB9-B250-0418-8624-A91DE69D0AE8" vid_target="98DBBAF9-0C7B-697C-EEC8-0C6E181D9EB3">
<hideElementsInCurrentOnly>false</hideElementsInCurrentOnly>
<backgroundColor>-16777216</backgroundColor>
<lineWidth>1</lineWidth>
<points>
<point x="581" y="330"/>
<point x="700" y="330"/>
</points>
</Connector>
<Connector class="oracle.dbtools.crest.swingui.logical.TVRelation" oid="F3BEBA0B-33D2-4284-6FBC-EEB4686F3DBD" otype="Relation" vid_source="58ACBE9C-AA7E-B3A8-E8C8-A97C757AC8E2" vid_target="5C56D811-CA9E-FE50-FC3E-9D1E89616596">
<hideElementsInCurrentOnly>false</hideElementsInCurrentOnly>
<backgroundColor>-16777216</backgroundColor>
<lineWidth>1</lineWidth>
<points>
<point x="541" y="600"/>
<point x="700" y="600"/>
</points>
</Connector>
</connectors>
</Diagram>