<?xml version = '1.0' encoding = 'UTF-8'?>
<Relation class="oracle.dbtools.crest.model.design.logical.Relation" name="Relation_13" directorySegmentName="seg_0" id="2BFC3C1A-A67A-237B-8853-A7809EFC1785">
<createdBy>jennifer</createdBy>
<createdTime>2025-08-23 04:30:04 UTC</createdTime>
<ownerDesignName>Exp1_S2_Grupo13_CasoAerolinea</ownerDesignName>
<engineerTo>
<item key="8309FEB9-9355-0277-BEAA-4731F21E5799" value="true"/>
</engineerTo>
<sourcePk>010CE6E0-8362-A1FF-5B49-5B1760F58A61</sourcePk>
<identifying>false</identifying>
<nameOnSource>realizar</nameOnSource>
<nameOnTarget>ser realizado</nameOnTarget>
<optionalSource>true</optionalSource>
<optionalTarget>false</optionalTarget>
<sourceCardinality>1</sourceCardinality>
<sourceEntity>CF7E70F0-CCCB-F5F6-A235-F2A11496B6DB</sourceEntity>
<targetCardinalityString>*</targetCardinalityString>
<targetEntity>DE3FF82E-D956-2471-6FB7-BA1CC8470C2E</targetEntity>
<transferable>true</transferable>
<deleteRule>NO ACTION</deleteRule>
</Relation>