<?xml version = '1.0' encoding = 'UTF-8'?>
<Relation class="oracle.dbtools.crest.model.design.logical.Relation" name="Relation_10" directorySegmentName="seg_0" id="31CAF5A1-A8ED-230B-619F-AF8EB8A0DF32">
<createdBy>jennifer</createdBy>
<createdTime>2025-08-23 04:02:43 UTC</createdTime>
<ownerDesignName>Exp1_S2_Grupo13_CasoAerolinea</ownerDesignName>
<engineerTo>
<item key="8309FEB9-9355-0277-BEAA-4731F21E5799" value="true"/>
</engineerTo>
<sourcePk>2AFD8B56-3229-52C9-18B8-BCEBDD20D25C</sourcePk>
<identifying>false</identifying>
<optionalSource>true</optionalSource>
<optionalTarget>false</optionalTarget>
<sourceCardinality>1</sourceCardinality>
<sourceEntity>34DC4E91-F28F-E9FF-F5C9-08D048CD9E23</sourceEntity>
<targetCardinalityString>1</targetCardinalityString>
<targetEntity>CF7E70F0-CCCB-F5F6-A235-F2A11496B6DB</targetEntity>
<transferable>true</transferable>
<deleteRule>NO ACTION</deleteRule>
</Relation>