<?xml version = '1.0' encoding = 'UTF-8'?>
<Relation class="oracle.dbtools.crest.model.design.logical.Relation" name="Relation_4" directorySegmentName="seg_0" id="7747A7C7-7A85-E683-F321-E4E8726E2B04">
<createdBy>jennifer</createdBy>
<createdTime>2025-08-23 02:34:15 UTC</createdTime>
<ownerDesignName>Exp1_S2_Grupo13_CasoAerolinea</ownerDesignName>
<engineerTo>
<item key="8309FEB9-9355-0277-BEAA-4731F21E5799" value="true"/>
</engineerTo>
<sourcePk>4E4D304E-08BC-15BF-940A-06B5FE08BB28</sourcePk>
<identifying>false</identifying>
<nameOnSource>tener</nameOnSource>
<nameOnTarget>asociada</nameOnTarget>
<optionalSource>true</optionalSource>
<optionalTarget>false</optionalTarget>
<sourceCardinality>1</sourceCardinality>
<sourceEntity>DE3FF82E-D956-2471-6FB7-BA1CC8470C2E</sourceEntity>
<targetCardinalityString>*</targetCardinalityString>
<targetEntity>2BFF7C81-A3B6-A139-897A-551AE2BFE9DF</targetEntity>
<transferable>true</transferable>
<deleteRule>NO ACTION</deleteRule>
</Relation>