<?xml version = '1.0' encoding = 'UTF-8'?>
<Relation class="oracle.dbtools.crest.model.design.logical.Relation" name="Relation_12" directorySegmentName="seg_0" id="8A74F197-4ACB-0266-E102-037B68AAFF1E">
<createdBy>spaceghost</createdBy>
<createdTime>2025-08-24 16:38:02 UTC</createdTime>
<ownerDesignName>Exp1_S2_Grupo13_CasoAerolinea</ownerDesignName>
<engineerTo>
<item key="8309FEB9-9355-0277-BEAA-4731F21E5799" value="true"/>
</engineerTo>
<identifying>false</identifying>
<optionalSource>true</optionalSource>
<optionalTarget>false</optionalTarget>
<sourceCardinality>*</sourceCardinality>
<sourceEntity>DE3FF82E-D956-2471-6FB7-BA1CC8470C2E</sourceEntity>
<targetCardinalityString>*</targetCardinalityString>
<targetEntity>17C934B0-7F76-2666-80D5-70DB5055CAFB</targetEntity>
<transferable>true</transferable>
<deleteRule>NO ACTION</deleteRule>
</Relation>