<?xml version = '1.0' encoding = 'UTF-8'?>
<Relation class="oracle.dbtools.crest.model.design.logical.Relation" name="Relation_3" directorySegmentName="seg_0" id="8DD42D86-21CB-7BF8-9382-5E54B8EAC91D">
<createdBy>jennifer</createdBy>
<createdTime>2025-08-23 00:18:51 UTC</createdTime>
<ownerDesignName>Exp1_S2_Grupo13_CasoAerolinea</ownerDesignName>
<engineerTo>
<item key="8309FEB9-9355-0277-BEAA-4731F21E5799" value="true"/>
</engineerTo>
<sourcePk>B7449F7F-899F-604F-C42A-804C3A2A97FA</sourcePk>
<identifying>false</identifying>
<nameOnSource>tener asignado</nameOnSource>
<nameOnTarget>estar asociado</nameOnTarget>
<optionalSource>true</optionalSource>
<optionalTarget>false</optionalTarget>
<sourceCardinality>1</sourceCardinality>
<sourceEntity>E824DAAB-9F2E-7CE1-AA6A-129DC7A3AA18</sourceEntity>
<targetCardinalityString>*</targetCardinalityString>
<targetEntity>DE3FF82E-D956-2471-6FB7-BA1CC8470C2E</targetEntity>
<transferable>true</transferable>
<deleteRule>NO ACTION</deleteRule>
</Relation>