<?xml version = '1.0' encoding = 'UTF-8'?>
<Relation class="oracle.dbtools.crest.model.design.logical.Relation" name="Relation_6" directorySegmentName="seg_0" id="9B9951B9-6D91-BD91-E8B4-C39CABF633DC">
<createdBy>jennifer</createdBy>
<createdTime>2025-08-23 02:42:04 UTC</createdTime>
<ownerDesignName>Exp1_S2_Grupo13_CasoAerolinea</ownerDesignName>
<engineerTo>
<item key="8309FEB9-9355-0277-BEAA-4731F21E5799" value="true"/>
</engineerTo>
<sourcePk>A0882AAD-C0CA-3DF0-82C1-4AA832BBF842</sourcePk>
<identifying>false</identifying>
<nameOnSource>tener</nameOnSource>
<nameOnTarget>pertenecer</nameOnTarget>
<optionalSource>true</optionalSource>
<optionalTarget>false</optionalTarget>
<sourceCardinality>1</sourceCardinality>
<sourceEntity>685DD5E8-63AA-2600-C619-DF79DD9BD1BA</sourceEntity>
<targetCardinalityString>*</targetCardinalityString>
<targetEntity>22A7D20F-CC35-D426-411A-B8780FD31F6B</targetEntity>
<transferable>true</transferable>
<deleteRule>NO ACTION</deleteRule>
</Relation>