<?xml version = '1.0' encoding = 'UTF-8'?>
<Relation class="oracle.dbtools.crest.model.design.logical.Relation" name="Relation_9" directorySegmentName="seg_0" id="B2AA0E10-5398-8C97-7402-0267210E9077">
<createdBy>jennifer</createdBy>
<createdTime>2025-08-23 03:21:49 UTC</createdTime>
<ownerDesignName>Exp1_S2_Grupo13_CasoAerolinea</ownerDesignName>
<engineerTo>
<item key="8309FEB9-9355-0277-BEAA-4731F21E5799" value="true"/>
</engineerTo>
<sourcePk>A2ECD4EF-E01E-3059-C014-F4B6FA9E9ABB</sourcePk>
<identifying>false</identifying>
<nameOnSource>asignar</nameOnSource>
<nameOnTarget>ser asignado</nameOnTarget>
<optionalSource>true</optionalSource>
<optionalTarget>false</optionalTarget>
<sourceCardinality>1</sourceCardinality>
<sourceEntity>ADAB48F8-8FDC-0897-1487-F74437DC70E6</sourceEntity>
<targetCardinalityString>*</targetCardinalityString>
<targetEntity>DE3FF82E-D956-2471-6FB7-BA1CC8470C2E</targetEntity>
<transferable>true</transferable>
<deleteRule>NO ACTION</deleteRule>
</Relation>