<?xml version = '1.0' encoding = 'UTF-8'?>
<Relation class="oracle.dbtools.crest.model.design.logical.Relation" name="Relation_14" directorySegmentName="seg_0" id="C741A105-1E2E-6446-F2C4-E75106950DD8">
<createdBy>spaceghost</createdBy>
<createdTime>2025-08-24 16:39:13 UTC</createdTime>
<ownerDesignName>Exp1_S2_Grupo13_CasoAerolinea</ownerDesignName>
<engineerTo>
<item key="8309FEB9-9355-0277-BEAA-4731F21E5799" value="true"/>
</engineerTo>
<sourcePk>A2ECD4EF-E01E-3059-C014-F4B6FA9E9ABB</sourcePk>
<identifying>true</identifying>
<optionalSource>true</optionalSource>
<optionalTarget>false</optionalTarget>
<sourceCardinality>1</sourceCardinality>
<sourceEntity>ADAB48F8-8FDC-0897-1487-F74437DC70E6</sourceEntity>
<targetCardinalityString>*</targetCardinalityString>
<targetEntity>2BFF7C81-A3B6-A139-897A-551AE2BFE9DF</targetEntity>
<transferable>true</transferable>
<deleteRule>NO ACTION</deleteRule>
</Relation>