<?xml version = '1.0' encoding = 'UTF-8'?>
<Relation class="oracle.dbtools.crest.model.design.logical.Relation" name="Relation_7" directorySegmentName="seg_0" id="CD85EDBF-4014-323B-D881-F82065C88E53">
<createdBy>jennifer</createdBy>
<createdTime>2025-08-23 03:18:41 UTC</createdTime>
<ownerDesignName>Exp1_S2_Grupo13_CasoAerolinea</ownerDesignName>
<engineerTo>
<item key="8309FEB9-9355-0277-BEAA-4731F21E5799" value="true"/>
</engineerTo>
<sourcePk>A2ECD4EF-E01E-3059-C014-F4B6FA9E9ABB</sourcePk>
<targetPk>2AFD8B56-3229-52C9-18B8-BCEBDD20D25C</targetPk>
<identifying>false</identifying>
<optionalSource>false</optionalSource>
<optionalTarget>true</optionalTarget>
<sourceCardinality>1</sourceCardinality>
<sourceEntity>ADAB48F8-8FDC-0897-1487-F74437DC70E6</sourceEntity>
<targetCardinalityString>1</targetCardinalityString>
<targetEntity>34DC4E91-F28F-E9FF-F5C9-08D048CD9E23</targetEntity>
<transferable>true</transferable>
<deleteRule>NO ACTION</deleteRule>
</Relation>