<?xml version = '1.0' encoding = 'UTF-8'?>
<Relation class="oracle.dbtools.crest.model.design.logical.Relation" name="Relation_13" directorySegmentName="seg_0" id="F3BEBA0B-33D2-4284-6FBC-EEB4686F3DBD">
<createdBy>spaceghost</createdBy>
<createdTime>2025-08-24 16:38:08 UTC</createdTime>
<ownerDesignName>Exp1_S2_Grupo13_CasoAerolinea</ownerDesignName>
<engineerTo>
<item key="8309FEB9-9355-0277-BEAA-4731F21E5799" value="true"/>
</engineerTo>
<identifying>false</identifying>
<optionalSource>true</optionalSource>
<optionalTarget>false</optionalTarget>
<sourceCardinality>*</sourceCardinality>
<sourceEntity>17C934B0-7F76-2666-80D5-70DB5055CAFB</sourceEntity>
<targetCardinalityString>*</targetCardinalityString>
<targetEntity>CF7E70F0-CCCB-F5F6-A235-F2A11496B6DB</targetEntity>
<transferable>true</transferable>
<deleteRule>NO ACTION</deleteRule>
</Relation>