<?xml version = '1.0' encoding = 'UTF-8'?>
<Entity class="oracle.dbtools.crest.model.design.logical.Entity" directorySegmentName="seg_0" id="17C934B0-7F76-2666-80D5-70DB5055CAFB" name="TRIPULACION_VUELO">
<createdBy>spaceghost</createdBy>
<createdTime>2025-08-24 16:36:33 UTC</createdTime>
<ownerDesignName>Exp1_S2_Grupo13_CasoAerolinea</ownerDesignName>
<engineerTo>
<item key="8309FEB9-9355-0277-BEAA-4731F21E5799" value="true"/>
</engineerTo>
<adequatelyNormalized>NO</adequatelyNormalized>
<expectedVolumes>0</expectedVolumes>
<fwdEngineeringStrategyName>Single Table</fwdEngineeringStrategyName>
<growthPercent>0</growthPercent>
<growthType>Year</growthType>
<maxVolumes>9999999</maxVolumes>
<minVolumes>0</minVolumes>
<normalForm>Third</normalForm>
<attributes itemClass="oracle.dbtools.crest.model.design.logical.Attribute">
<Attribute name="num_vuelo" id="F4FB3F0A-E72A-1A21-0FDE-5558EAD7526F">
<createdBy>spaceghost</createdBy>
<createdTime>2025-08-24 16:36:55 UTC</createdTime>
<ownerDesignName>Exp1_S2_Grupo13_CasoAerolinea</ownerDesignName>
<engineerTo>
<item key="8309FEB9-9355-0277-BEAA-4731F21E5799" value="true"/>
</engineerTo>
<nullsAllowed>true</nullsAllowed>
<useDomainConstraints>false</useDomainConstraints>
<use>1</use>
<logicalDatatype>LOGDT019</logicalDatatype>
<ownDataTypeParameters>,,</ownDataTypeParameters>
</Attribute>
<Attribute name="rut" id="317A8292-7AF1-92D6-EE05-D969EE6B5666">
<createdBy>spaceghost</createdBy>
<createdTime>2025-08-24 16:37:07 UTC</createdTime>
<ownerDesignName>Exp1_S2_Grupo13_CasoAerolinea</ownerDesignName>
<engineerTo>
<item key="8309FEB9-9355-0277-BEAA-4731F21E5799" value="true"/>
</engineerTo>
<nullsAllowed>true</nullsAllowed>
<useDomainConstraints>false</useDomainConstraints>
<use>1</use>
<logicalDatatype>LOGDT024</logicalDatatype>
<dataTypeSize>10</dataTypeSize>
<ownDataTypeParameters>10,,</ownDataTypeParameters>
</Attribute>
</attributes>
</Entity>