<?xml version = '1.0' encoding = 'UTF-8'?>
<Entity class="oracle.dbtools.crest.model.design.logical.Entity" directorySegmentName="seg_0" id="22A7D20F-CC35-D426-411A-B8780FD31F6B" name="EQUIPAJE">
<createdBy>jennifer</createdBy>
<createdTime>2025-08-22 02:51:41 UTC</createdTime>
<ownerDesignName>Exp1_S2_Grupo13_CasoAerolinea</ownerDesignName>
<engineerTo>
<item key="8309FEB9-9355-0277-BEAA-4731F21E5799" value="true"/>
</engineerTo>
<adequatelyNormalized>NO</adequatelyNormalized>
<expectedVolumes>0</expectedVolumes>
<fwdEngineeringStrategyName>Single Table</fwdEngineeringStrategyName>
<growthPercent>0</growthPercent>
<growthType>Year</growthType>
<maxVolumes>9999999</maxVolumes>
<minVolumes>0</minVolumes>
<normalForm>Third</normalForm>
<attributes itemClass="oracle.dbtools.crest.model.design.logical.Attribute">
<Attribute name="id_equipaje" id="1180F738-0C5D-7FB4-1359-CCB388209FF5">
<createdBy>jennifer</createdBy>
<createdTime>2025-08-22 02:51:54 UTC</createdTime>
<ownerDesignName>Exp1_S2_Grupo13_CasoAerolinea</ownerDesignName>
<engineerTo>
<item key="8309FEB9-9355-0277-BEAA-4731F21E5799" value="true"/>
</engineerTo>
<useDomainConstraints>false</useDomainConstraints>
<use>1</use>
<logicalDatatype>LOGDT019</logicalDatatype>
<dataTypeScale>1</dataTypeScale>
<ownDataTypeParameters>,,1</ownDataTypeParameters>
</Attribute>
<Attribute name="color" id="60FB1CC5-EE27-1DAE-DEDC-FC4C65B82B5E">
<createdBy>jennifer</createdBy>
<createdTime>2025-08-22 02:52:10 UTC</createdTime>
<ownerDesignName>Exp1_S2_Grupo13_CasoAerolinea</ownerDesignName>
<engineerTo>
<item key="8309FEB9-9355-0277-BEAA-4731F21E5799" value="true"/>
</engineerTo>
<useDomainConstraints>false</useDomainConstraints>
<use>1</use>
<logicalDatatype>LOGDT024</logicalDatatype>
<dataTypeSize>20</dataTypeSize>
<ownDataTypeParameters>20,,</ownDataTypeParameters>
</Attribute>
<Attribute name="peso_kg" id="B7D6ABEA-BA17-AD6F-3D75-4DFD216D734C">
<createdBy>jennifer</createdBy>
<createdTime>2025-08-22 02:53:20 UTC</createdTime>
<ownerDesignName>Exp1_S2_Grupo13_CasoAerolinea</ownerDesignName>
<engineerTo>
<item key="8309FEB9-9355-0277-BEAA-4731F21E5799" value="true"/>
</engineerTo>
<useDomainConstraints>false</useDomainConstraints>
<use>1</use>
<logicalDatatype>LOGDT019</logicalDatatype>
<ownDataTypeParameters>,,</ownDataTypeParameters>
</Attribute>
<Attribute name="descripcion" id="536F6AAE-2A06-A416-8FB9-9D059641524D">
<createdBy>jennifer</createdBy>
<createdTime>2025-08-22 02:54:05 UTC</createdTime>
<ownerDesignName>Exp1_S2_Grupo13_CasoAerolinea</ownerDesignName>
<engineerTo>
<item key="8309FEB9-9355-0277-BEAA-4731F21E5799" value="true"/>
</engineerTo>
<nullsAllowed>true</nullsAllowed>
<useDomainConstraints>false</useDomainConstraints>
<use>1</use>
<logicalDatatype>LOGDT024</logicalDatatype>
<dataTypeSize>200</dataTypeSize>
<ownDataTypeParameters>200,,</ownDataTypeParameters>
</Attribute>
<Attribute name="num_pasaporte" id="04D45001-92E2-67C9-8690-C8DD01DA17DB">
<createdBy>jennifer</createdBy>
<createdTime>2025-08-23 02:42:04 UTC</createdTime>
<generatorID>9B9951B9-6D91-BD91-E8B4-C39CABF633DC</generatorID>
<ownerDesignName>Exp1_S2_Grupo13_CasoAerolinea</ownerDesignName>
<engineerTo>
<item key="8309FEB9-9355-0277-BEAA-4731F21E5799" value="true"/>
</engineerTo>
<referedAttribute>0875B77E-3263-F1DC-3AF9-40AC7809214E</referedAttribute>
<useDomainConstraints>false</useDomainConstraints>
<use>1</use>
<logicalDatatype>LOGDT019</logicalDatatype>
<ownDataTypeParameters>,,</ownDataTypeParameters>
</Attribute>
</attributes>
<identifiers itemClass="oracle.dbtools.crest.model.design.logical.CandidateKey">
<identifier id="5B38FE0E-848A-4880-A519-CC7D1EADDB67" name="EQUIPAJE PK">
<createdBy>jennifer</createdBy>
<createdTime>2025-08-22 02:52:08 UTC</createdTime>
<ownerDesignName>Exp1_S2_Grupo13_CasoAerolinea</ownerDesignName>
<engineerTo>
<item key="8309FEB9-9355-0277-BEAA-4731F21E5799" value="true"/>
</engineerTo>
<pk>true</pk>
<usedAttributes>
<attributeRef>1180F738-0C5D-7FB4-1359-CCB388209FF5</attributeRef>
</usedAttributes>
</identifier>
</identifiers>
</Entity>