<?xml version = '1.0' encoding = 'UTF-8'?>
<Entity class="oracle.dbtools.crest.model.design.logical.Entity" directorySegmentName="seg_0" id="2BFF7C81-A3B6-A139-897A-551AE2BFE9DF" name="RESERVA_VUELO">
<createdBy>Jennifer</createdBy>
<createdTime>2025-08-16 21:03:04 UTC</createdTime>
<ownerDesignName>Exp1_S2_Grupo13_CasoAerolinea</ownerDesignName>
<engineerTo>
<item key="8309FEB9-9355-0277-BEAA-4731F21E5799" value="true"/>
</engineerTo>
<adequatelyNormalized>NO</adequatelyNormalized>
<expectedVolumes>0</expectedVolumes>
<fwdEngineeringStrategyName>Single Table</fwdEngineeringStrategyName>
<growthPercent>0</growthPercent>
<growthType>Year</growthType>
<maxVolumes>9999999</maxVolumes>
<minVolumes>0</minVolumes>
<normalForm>Third</normalForm>
<attributes itemClass="oracle.dbtools.crest.model.design.logical.Attribute">
<Attribute name="num_reserva" id="000D37E0-D1AF-8691-0D9E-E3683651B4F4">
<createdBy>Jennifer</createdBy>
<createdTime>2025-08-16 21:03:22 UTC</createdTime>
<ownerDesignName>Exp1_S2_Grupo13_CasoAerolinea</ownerDesignName>
<engineerTo>
<item key="8309FEB9-9355-0277-BEAA-4731F21E5799" value="true"/>
</engineerTo>
<useDomainConstraints>false</useDomainConstraints>
<use>1</use>
<logicalDatatype>LOGDT019</logicalDatatype>
<ownDataTypeParameters>,,</ownDataTypeParameters>
</Attribute>
<Attribute name="fecha_reserva" id="7C59FE5F-ED8C-F9D4-3607-BA9F9A7012AA">
<createdBy>Jennifer</createdBy>
<createdTime>2025-08-16 21:03:50 UTC</createdTime>
<ownerDesignName>Exp1_S2_Grupo13_CasoAerolinea</ownerDesignName>
<engineerTo>
<item key="8309FEB9-9355-0277-BEAA-4731F21E5799" value="true"/>
</engineerTo>
<useDomainConstraints>false</useDomainConstraints>
<use>1</use>
<logicalDatatype>LOGDT007</logicalDatatype>
<ownDataTypeParameters>,,</ownDataTypeParameters>
</Attribute>
<Attribute name="fecha_viaje" id="294C5C68-6157-B920-D502-9F5FED54F983">
<createdBy>Jennifer</createdBy>
<createdTime>2025-08-16 21:04:25 UTC</createdTime>
<ownerDesignName>Exp1_S2_Grupo13_CasoAerolinea</ownerDesignName>
<engineerTo>
<item key="8309FEB9-9355-0277-BEAA-4731F21E5799" value="true"/>
</engineerTo>
<useDomainConstraints>false</useDomainConstraints>
<use>1</use>
<logicalDatatype>LOGDT007</logicalDatatype>
<ownDataTypeParameters>,,</ownDataTypeParameters>
</Attribute>
<Attribute name="estado" id="0D9BCE6E-4AA0-B996-5ADF-1184C90D0198">
<createdBy>Jennifer</createdBy>
<createdTime>2025-08-16 21:04:41 UTC</createdTime>
<ownerDesignName>Exp1_S2_Grupo13_CasoAerolinea</ownerDesignName>
<engineerTo>
<item key="8309FEB9-9355-0277-BEAA-4731F21E5799" value="true"/>
</engineerTo>
<useDomainConstraints>false</useDomainConstraints>
<use>1</use>
<logicalDatatype>LOGDT024</logicalDatatype>
<dataTypeSize>10</dataTypeSize>
<ownDataTypeParameters>10,,</ownDataTypeParameters>
</Attribute>
<Attribute name="num_pasaporte" id="F24882C4-3416-E359-757A-E01AE29E6467">
<createdBy>jennifer</createdBy>
<createdTime>2025-08-23 00:11:02 UTC</createdTime>
<generatorID>CCDA37AE-2CA3-FF8B-3A1A-B8034AF6567A</generatorID>
<ownerDesignName>Exp1_S2_Grupo13_CasoAerolinea</ownerDesignName>
<engineerTo>
<item key="8309FEB9-9355-0277-BEAA-4731F21E5799" value="true"/>
</engineerTo>
<referedAttribute>0875B77E-3263-F1DC-3AF9-40AC7809214E</referedAttribute>
<useDomainConstraints>false</useDomainConstraints>
<use>1</use>
<logicalDatatype>LOGDT019</logicalDatatype>
<ownDataTypeParameters>,,</ownDataTypeParameters>
</Attribute>
<Attribute name="num_vuelo" id="798CD304-8C4C-AD6D-DAE5-70ECC50E0448">
<createdBy>jennifer</createdBy>
<createdTime>2025-08-23 02:34:15 UTC</createdTime>
<generatorID>7747A7C7-7A85-E683-F321-E4E8726E2B04</generatorID>
<ownerDesignName>Exp1_S2_Grupo13_CasoAerolinea</ownerDesignName>
<engineerTo>
<item key="8309FEB9-9355-0277-BEAA-4731F21E5799" value="true"/>
</engineerTo>
<referedAttribute>1E563108-D7E3-0BB5-B095-EF89138E0F90</referedAttribute>
<useDomainConstraints>false</useDomainConstraints>
<use>1</use>
<logicalDatatype>LOGDT019</logicalDatatype>
<ownDataTypeParameters>,,</ownDataTypeParameters>
</Attribute>
<Attribute name="rut" id="B4D1124D-99C7-BB31-F3D1-B1E49A79B51D">
<createdBy>spaceghost</createdBy>
<createdTime>2025-08-24 16:39:13 UTC</createdTime>
<generatorID>C741A105-1E2E-6446-F2C4-E75106950DD8</generatorID>
<ownerDesignName>Exp1_S2_Grupo13_CasoAerolinea</ownerDesignName>
<engineerTo>
<item key="8309FEB9-9355-0277-BEAA-4731F21E5799" value="true"/>
</engineerTo>
<referedAttribute>7E91C08A-F75C-79D7-596E-AD04652A49F7</referedAttribute>
<useDomainConstraints>false</useDomainConstraints>
<use>1</use>
<logicalDatatype>LOGDT024</logicalDatatype>
<dataTypeSize>10</dataTypeSize>
<ownDataTypeParameters>,,</ownDataTypeParameters>
</Attribute>
</attributes>
<identifiers itemClass="oracle.dbtools.crest.model.design.logical.CandidateKey">
<identifier id="03BC44A2-9A29-A6D0-75CD-0305D56F02EC" name="RESERVA_VUELO PK">
<createdBy>Jennifer</createdBy>
<createdTime>2025-08-16 21:03:49 UTC</createdTime>
<ownerDesignName>Exp1_S2_Grupo13_CasoAerolinea</ownerDesignName>
<engineerTo>
<item key="8309FEB9-9355-0277-BEAA-4731F21E5799" value="true"/>
</engineerTo>
<pk>true</pk>
<usedAttributes>
<attributeRef>000D37E0-D1AF-8691-0D9E-E3683651B4F4</attributeRef>
<attributeRef>B4D1124D-99C7-BB31-F3D1-B1E49A79B51D</attributeRef>
</usedAttributes>
</identifier>
</identifiers>
</Entity>