<?xml version = '1.0' encoding = 'UTF-8'?>
<Entity class="oracle.dbtools.crest.model.design.logical.Entity" directorySegmentName="seg_0" id="ADAB48F8-8FDC-0897-1487-F74437DC70E6" name="EMPLEADO_ADMINISTRATIVO">
<createdBy>jennifer</createdBy>
<createdTime>2025-08-23 00:29:03 UTC</createdTime>
<ownerDesignName>Exp1_S2_Grupo13_CasoAerolinea</ownerDesignName>
<engineerTo>
<item key="8309FEB9-9355-0277-BEAA-4731F21E5799" value="true"/>
</engineerTo>
<adequatelyNormalized>NO</adequatelyNormalized>
<expectedVolumes>0</expectedVolumes>
<fwdEngineeringStrategyName>Single Table</fwdEngineeringStrategyName>
<growthPercent>0</growthPercent>
<growthType>Year</growthType>
<maxVolumes>9999999</maxVolumes>
<minVolumes>0</minVolumes>
<normalForm>Third</normalForm>
<attributes itemClass="oracle.dbtools.crest.model.design.logical.Attribute">
<Attribute name="rut" id="7E91C08A-F75C-79D7-596E-AD04652A49F7">
<createdBy>jennifer</createdBy>
<createdTime>2025-08-23 03:19:33 UTC</createdTime>
<generatorID>CD85EDBF-4014-323B-D881-F82065C88E53</generatorID>
<ownerDesignName>Exp1_S2_Grupo13_CasoAerolinea</ownerDesignName>
<engineerTo>
<item key="8309FEB9-9355-0277-BEAA-4731F21E5799" value="true"/>
</engineerTo>
<referedAttribute>C4BAE03E-3DD6-47BC-058E-A2E2B928A3B8</referedAttribute>
<useDomainConstraints>false</useDomainConstraints>
<use>1</use>
<logicalDatatype>LOGDT024</logicalDatatype>
<dataTypeSize>10</dataTypeSize>
<ownDataTypeParameters>10,,</ownDataTypeParameters>
</Attribute>
<Attribute name="horas_extras" id="CEFEF940-3478-7A6F-B274-DCB5B9B7766A">
<createdBy>jennifer</createdBy>
<createdTime>2025-08-23 00:29:05 UTC</createdTime>
<ownerDesignName>Exp1_S2_Grupo13_CasoAerolinea</ownerDesignName>
<engineerTo>
<item key="8309FEB9-9355-0277-BEAA-4731F21E5799" value="true"/>
</engineerTo>
<useDomainConstraints>false</useDomainConstraints>
<use>1</use>
<logicalDatatype>LOGDT019</logicalDatatype>
<ownDataTypeParameters>,,</ownDataTypeParameters>
</Attribute>
</attributes>
<identifiers itemClass="oracle.dbtools.crest.model.design.logical.CandidateKey">
<identifier id="A2ECD4EF-E01E-3059-C014-F4B6FA9E9ABB" name="EMPLEADO_ADMINISTRATIVO PK">
<createdBy>jennifer</createdBy>
<createdTime>2025-08-23 03:25:52 UTC</createdTime>
<ownerDesignName>Exp1_S2_Grupo13_CasoAerolinea</ownerDesignName>
<engineerTo>
<item key="8309FEB9-9355-0277-BEAA-4731F21E5799" value="true"/>
</engineerTo>
<pk>true</pk>
<usedAttributes>
<attributeRef>7E91C08A-F75C-79D7-596E-AD04652A49F7</attributeRef>
</usedAttributes>
</identifier>
</identifiers>
</Entity>