<?xml version = '1.0' encoding = 'UTF-8'?>
<Entity class="oracle.dbtools.crest.model.design.logical.Entity" directorySegmentName="seg_0" id="CF7E70F0-CCCB-F5F6-A235-F2A11496B6DB" name="EMPLEADO_PILOTO">
<createdBy>jennifer</createdBy>
<createdTime>2025-08-23 00:23:36 UTC</createdTime>
<ownerDesignName>Exp1_S2_Grupo13_CasoAerolinea</ownerDesignName>
<engineerTo>
<item key="8309FEB9-9355-0277-BEAA-4731F21E5799" value="true"/>
</engineerTo>
<adequatelyNormalized>NO</adequatelyNormalized>
<expectedVolumes>0</expectedVolumes>
<fwdEngineeringStrategyName>Single Table</fwdEngineeringStrategyName>
<growthPercent>0</growthPercent>
<growthType>Year</growthType>
<maxVolumes>9999999</maxVolumes>
<minVolumes>0</minVolumes>
<normalForm>Third</normalForm>
<attributes itemClass="oracle.dbtools.crest.model.design.logical.Attribute">
<Attribute name="rut" id="4D8643D1-FC4A-A092-0F2E-D72EB14E22A8">
<createdBy>jennifer</createdBy>
<createdTime>2025-08-23 04:02:43 UTC</createdTime>
<generatorID>31CAF5A1-A8ED-230B-619F-AF8EB8A0DF32</generatorID>
<ownerDesignName>Exp1_S2_Grupo13_CasoAerolinea</ownerDesignName>
<engineerTo>
<item key="8309FEB9-9355-0277-BEAA-4731F21E5799" value="true"/>
</engineerTo>
<referedAttribute>C4BAE03E-3DD6-47BC-058E-A2E2B928A3B8</referedAttribute>
<useDomainConstraints>false</useDomainConstraints>
<use>1</use>
<logicalDatatype>LOGDT024</logicalDatatype>
<dataTypeSize>10</dataTypeSize>
<ownDataTypeParameters>10,,</ownDataTypeParameters>
</Attribute>
<Attribute name="horas_vuelo" id="41CA2705-8B6D-3C06-12C6-748F6B61C443">
<createdBy>jennifer</createdBy>
<createdTime>2025-08-23 00:23:57 UTC</createdTime>
<ownerDesignName>Exp1_S2_Grupo13_CasoAerolinea</ownerDesignName>
<engineerTo>
<item key="8309FEB9-9355-0277-BEAA-4731F21E5799" value="true"/>
</engineerTo>
<useDomainConstraints>false</useDomainConstraints>
<use>1</use>
<logicalDatatype>LOGDT019</logicalDatatype>
<ownDataTypeParameters>,,</ownDataTypeParameters>
</Attribute>
</attributes>
<identifiers itemClass="oracle.dbtools.crest.model.design.logical.CandidateKey">
<identifier id="010CE6E0-8362-A1FF-5B49-5B1760F58A61" name="EMPLEADO_PILOTO PK">
<createdBy>jennifer</createdBy>
<createdTime>2025-08-23 03:26:10 UTC</createdTime>
<ownerDesignName>Exp1_S2_Grupo13_CasoAerolinea</ownerDesignName>
<engineerTo>
<item key="8309FEB9-9355-0277-BEAA-4731F21E5799" value="true"/>
</engineerTo>
<pk>true</pk>
<usedAttributes>
<attributeRef>4D8643D1-FC4A-A092-0F2E-D72EB14E22A8</attributeRef>
</usedAttributes>
</identifier>
</identifiers>
</Entity>