<?xml version = '1.0' encoding = 'UTF-8'?>
<Entity class="oracle.dbtools.crest.model.design.logical.Entity" directorySegmentName="seg_0" id="DE3FF82E-D956-2471-6FB7-BA1CC8470C2E" name="VUELO">
<createdBy>Jennifer</createdBy>
<createdTime>2025-08-16 20:50:47 UTC</createdTime>
<ownerDesignName>Exp1_S2_Grupo13_CasoAerolinea</ownerDesignName>
<engineerTo>
<item key="8309FEB9-9355-0277-BEAA-4731F21E5799" value="true"/>
</engineerTo>
<adequatelyNormalized>NO</adequatelyNormalized>
<expectedVolumes>0</expectedVolumes>
<fwdEngineeringStrategyName>Single Table</fwdEngineeringStrategyName>
<growthPercent>0</growthPercent>
<growthType>Year</growthType>
<maxVolumes>9999999</maxVolumes>
<minVolumes>0</minVolumes>
<normalForm>Third</normalForm>
<attributes itemClass="oracle.dbtools.crest.model.design.logical.Attribute">
<Attribute name="num_vuelo" id="1E563108-D7E3-0BB5-B095-EF89138E0F90">
<createdBy>Jennifer</createdBy>
<createdTime>2025-08-16 20:50:53 UTC</createdTime>
<ownerDesignName>Exp1_S2_Grupo13_CasoAerolinea</ownerDesignName>
<engineerTo>
<item key="8309FEB9-9355-0277-BEAA-4731F21E5799" value="true"/>
</engineerTo>
<useDomainConstraints>false</useDomainConstraints>
<use>1</use>
<logicalDatatype>LOGDT019</logicalDatatype>
<ownDataTypeParameters>,,</ownDataTypeParameters>
</Attribute>
<Attribute name="fecha_despegue" id="B738F52B-9977-A81D-8DD8-026E95E8E7B2">
<createdBy>Jennifer</createdBy>
<createdTime>2025-08-16 20:51:17 UTC</createdTime>
<ownerDesignName>Exp1_S2_Grupo13_CasoAerolinea</ownerDesignName>
<engineerTo>
<item key="8309FEB9-9355-0277-BEAA-4731F21E5799" value="true"/>
</engineerTo>
<useDomainConstraints>false</useDomainConstraints>
<use>1</use>
<logicalDatatype>LOGDT007</logicalDatatype>
<ownDataTypeParameters>,,</ownDataTypeParameters>
</Attribute>
<Attribute name="hora_salida" id="1D498492-0601-CC7C-D2ED-ADCADC89360B">
<createdBy>Jennifer</createdBy>
<createdTime>2025-08-16 20:52:24 UTC</createdTime>
<ownerDesignName>Exp1_S2_Grupo13_CasoAerolinea</ownerDesignName>
<engineerTo>
<item key="8309FEB9-9355-0277-BEAA-4731F21E5799" value="true"/>
</engineerTo>
<useDomainConstraints>false</useDomainConstraints>
<use>1</use>
<logicalDatatype>LOGDT007</logicalDatatype>
<ownDataTypeParameters>,,</ownDataTypeParameters>
</Attribute>
<Attribute name="fecha_llegada" id="C775FF15-E8E9-75C2-E218-0E84175D0493">
<createdBy>Jennifer</createdBy>
<createdTime>2025-08-16 20:51:38 UTC</createdTime>
<ownerDesignName>Exp1_S2_Grupo13_CasoAerolinea</ownerDesignName>
<engineerTo>
<item key="8309FEB9-9355-0277-BEAA-4731F21E5799" value="true"/>
</engineerTo>
<useDomainConstraints>false</useDomainConstraints>
<use>1</use>
<logicalDatatype>LOGDT007</logicalDatatype>
<ownDataTypeParameters>,,</ownDataTypeParameters>
</Attribute>
<Attribute name="cuidad_origen" id="58D5953C-DCDD-9B1E-8D53-D5D659737E46">
<createdBy>jennifer</createdBy>
<createdTime>2025-08-23 02:31:47 UTC</createdTime>
<ownerDesignName>Exp1_S2_Grupo13_CasoAerolinea</ownerDesignName>
<engineerTo>
<item key="8309FEB9-9355-0277-BEAA-4731F21E5799" value="true"/>
</engineerTo>
<useDomainConstraints>false</useDomainConstraints>
<use>1</use>
<logicalDatatype>LOGDT024</logicalDatatype>
<dataTypeSize>50</dataTypeSize>
<ownDataTypeParameters>50,,</ownDataTypeParameters>
</Attribute>
<Attribute name="cuidad_destino" id="943B5053-2F4F-4A4C-E6F8-55059C92570D">
<createdBy>jennifer</createdBy>
<createdTime>2025-08-23 02:23:53 UTC</createdTime>
<ownerDesignName>Exp1_S2_Grupo13_CasoAerolinea</ownerDesignName>
<engineerTo>
<item key="8309FEB9-9355-0277-BEAA-4731F21E5799" value="true"/>
</engineerTo>
<useDomainConstraints>false</useDomainConstraints>
<use>1</use>
<logicalDatatype>LOGDT024</logicalDatatype>
<dataTypeSize>50</dataTypeSize>
<ownDataTypeParameters>50,,</ownDataTypeParameters>
</Attribute>
<Attribute name="matricula" id="9BB1542F-F35D-F6AF-1857-DDFB7E9038CD">
<createdBy>jennifer</createdBy>
<createdTime>2025-08-23 00:18:51 UTC</createdTime>
<generatorID>8DD42D86-21CB-7BF8-9382-5E54B8EAC91D</generatorID>
<ownerDesignName>Exp1_S2_Grupo13_CasoAerolinea</ownerDesignName>
<engineerTo>
<item key="8309FEB9-9355-0277-BEAA-4731F21E5799" value="true"/>
</engineerTo>
<referedAttribute>18A0879D-621A-7A07-716E-A0E11A36FA01</referedAttribute>
<useDomainConstraints>false</useDomainConstraints>
<use>1</use>
<logicalDatatype>LOGDT019</logicalDatatype>
<ownDataTypeParameters>,,</ownDataTypeParameters>
</Attribute>
<Attribute name="rut_administrativo" id="669F9F23-2D3F-4700-8269-0B5B072C89AF">
<createdBy>jennifer</createdBy>
<createdTime>2025-08-23 03:58:27 UTC</createdTime>
<generatorID>B2AA0E10-5398-8C97-7402-0267210E9077</generatorID>
<ownerDesignName>Exp1_S2_Grupo13_CasoAerolinea</ownerDesignName>
<engineerTo>
<item key="8309FEB9-9355-0277-BEAA-4731F21E5799" value="true"/>
</engineerTo>
<referedAttribute>7E91C08A-F75C-79D7-596E-AD04652A49F7</referedAttribute>
<useDomainConstraints>false</useDomainConstraints>
<use>1</use>
<logicalDatatype>LOGDT024</logicalDatatype>
<dataTypeSize>10</dataTypeSize>
<ownDataTypeParameters>10,,</ownDataTypeParameters>
</Attribute>
<Attribute name="rut_piloto" id="AF597FBE-136D-2B5C-98BC-6C8D8CEB0728">
<createdBy>jennifer</createdBy>
<createdTime>2025-08-23 04:30:04 UTC</createdTime>
<generatorID>2BFC3C1A-A67A-237B-8853-A7809EFC1785</generatorID>
<ownerDesignName>Exp1_S2_Grupo13_CasoAerolinea</ownerDesignName>
<engineerTo>
<item key="8309FEB9-9355-0277-BEAA-4731F21E5799" value="true"/>
</engineerTo>
<referedAttribute>4D8643D1-FC4A-A092-0F2E-D72EB14E22A8</referedAttribute>
<useDomainConstraints>false</useDomainConstraints>
<use>1</use>
<logicalDatatype>LOGDT024</logicalDatatype>
<dataTypeSize>10</dataTypeSize>
<ownDataTypeParameters>,,</ownDataTypeParameters>
</Attribute>
</attributes>
<identifiers itemClass="oracle.dbtools.crest.model.design.logical.CandidateKey">
<identifier id="4E4D304E-08BC-15BF-940A-06B5FE08BB28" name="VUELO PK">
<createdBy>Jennifer</createdBy>
<createdTime>2025-08-16 20:51:16 UTC</createdTime>
<ownerDesignName>Exp1_S2_Grupo13_CasoAerolinea</ownerDesignName>
<engineerTo>
<item key="8309FEB9-9355-0277-BEAA-4731F21E5799" value="true"/>
</engineerTo>
<pk>true</pk>
<usedAttributes>
<attributeRef>1E563108-D7E3-0BB5-B095-EF89138E0F90</attributeRef>
</usedAttributes>
</identifier>
</identifiers>
</Entity>